<dragonBones name="arrow" frameRate="30" version="2.3">
 <armature name="arrow">
  <bone name="Layer 1">
   <transform x="-0.5" y="-65.25" skX="0" skY="0" scX="1" scY="1"/>
  </bone>
  <skin name="default">
   <slot name="Layer 1" parent="Layer 1" z="0">
    <display name="Symbol 1" type="image">
     <transform x="0" y="64.75" skX="0" skY="0" scX="1" scY="1" pX="47.5" pY="129.5"/>
    </display>
   </slot>
  </skin>
  <animation name="start" fadeInTime="0" duration="33" scale="1" loop="0" autoTween="0" tweenEasing="NaN">
   <timeline name="Layer 1" scale="1" offset="0">
    <frame z="0" tweenEasing="1" duration="8">
     <transform x="-0.5" y="-65.25" skX="0" skY="0" scX="1" scY="1" pX="0" pY="0"/>
    </frame>
    <frame z="0" tweenEasing="1" duration="3">
     <transform x="-0.5" y="-107.15" skX="0" skY="0" scX="1.07" scY="0.91" pX="0" pY="0"/>
    </frame>
    <frame z="0" duration="1">
     <transform x="-0.5" y="-110.45" skX="0" skY="0" scX="1.08" scY="0.87" pX="0" pY="-0.07"/>
    </frame>
    <frame z="0" tweenEasing="-1" duration="8">
     <transform x="-0.5" y="-110.45" skX="0" skY="0" scX="1.08" scY="0.87" pX="0" pY="-0.07"/>
    </frame>
    <frame z="0" tweenEasing="1" duration="6">
     <transform x="-0.5" y="-65.25" skX="0" skY="0" scX="1" scY="1" pX="0" pY="0"/>
    </frame>
    <frame z="0" duration="1">
     <transform x="-0.5" y="-53.52" skX="0" skY="0" scX="1.16" scY="0.82" pX="0" pY="0.05"/>
    </frame>
    <frame z="0" tweenEasing="-1" duration="5">
     <transform x="-0.5" y="-53.52" skX="0" skY="0" scX="1.16" scY="0.82" pX="0" pY="0.05"/>
    </frame>
    <frame z="0" duration="1">
     <transform x="-0.5" y="-65.25" skX="0" skY="0" scX="1" scY="1" pX="0" pY="0"/>
    </frame>
   </timeline>
  </animation>
 </armature>
</dragonBones>